id,profileId,url,x,y,rotation,aspectratio,scale
84,102,https://res.cloudinary.com/dvacw0gsi/image/upload/nk67gvlviplqmslhqtrv.jpg,290,385,-0.13,1.5003663003663004,1
85,102,https://res.cloudinary.com/dvacw0gsi/image/upload/bwks9kqsiwsau1z235b3.jpg,107,365,0.1,1.327319587628866,1
86,106,https://res.cloudinary.com/dvacw0gsi/image/upload/bzgls8zc3pfngh6zswxz.jpg,110,400,0.1,0.6493506493506493,1
87,106,https://res.cloudinary.com/dvacw0gsi/image/upload/m0dx7od3fft52d7iufef.jpg,290,385,-0.13,1.0241935483870968,1
88,110,https://res.cloudinary.com/dvacw0gsi/image/upload/yazhsjsqgazl1uv5vrtq.jpg,110,208,5.910780265703634,1.3333333333333333,1.2131297980347868
89,110,https://res.cloudinary.com/dvacw0gsi/image/upload/l3cp5pljqixnarn8djmo.jpg,73,496,0,0.75,1
10,23,https://res.cloudinary.com/dvacw0gsi/image/upload/ajw85xslarxb4bciwiy8.jpg,119,496,0.0453318510951487,0.996,1.314205977658887
11,23,https://res.cloudinary.com/dvacw0gsi/image/upload/p9ro6yhld2tytqfyehji.gif,206,222,-0.018658477337582052,1,2.155082832451429
12,23,https://res.cloudinary.com/dvacw0gsi/image/upload/qridd1yellkcjzay5bbe.jpg,253,159,-5.944920736110085,1.5027322404371584,0.8156452030216299
13,23,https://res.cloudinary.com/dvacw0gsi/image/upload/bzied6qvogi5fkpbrrce.jpg,136,141,-0.057115572785962465,1.0271041369472182,0.49868499322527854
14,23,https://res.cloudinary.com/dvacw0gsi/image/upload/ilxvz3y2qhzstuo6cans.png,291,638,0.013373110668651211,0.6666666666666666,0.8713883529917847
15,23,https://res.cloudinary.com/dvacw0gsi/image/upload/m8f7ozyk8zogbwkjyf4r.jpg,116,703,0.0021915509959273896,0.9334257975034674,1.3443980711609962
17,37,https://res.cloudinary.com/dvacw0gsi/image/upload/jgkhm8lzktlga7b5etbb.jpg,114,266,-0.0059852399930648,1.3333333333333333,0.8886649540444328
18,37,https://res.cloudinary.com/dvacw0gsi/image/upload/rcoqi7ifcyu1pd4xcubn.jpg,115,346,-3.149247890908293,1.3333333333333333,0.8794594482147908
19,37,https://res.cloudinary.com/dvacw0gsi/image/upload/pcdfexzpw4bat9mitoa7.jpg,258,308,-0.0076378906781963685,0.75,0.8987309668980855
20,37,https://res.cloudinary.com/dvacw0gsi/image/upload/hfwzc3fr2cznrtlzszkq.jpg,112,494,0,0.834419817470665,1
42,61,https://res.cloudinary.com/dvacw0gsi/image/upload/eqzkxviwn0abhmdeve37.jpg,274,316,-0.0008949484902592841,0.9855174849876369,1.1252586798208646
43,61,https://res.cloudinary.com/dvacw0gsi/image/upload/g6nrihvvyluuv3acptwu.jpg,94,204,2.29906835743321,1.3333333333333333,1.2458460147637096
44,61,https://res.cloudinary.com/dvacw0gsi/image/upload/xtktvk5tvzoljzqchgmx.jpg,163,699,0,1.3333333333333333,1
54,64,https://res.cloudinary.com/dvacw0gsi/image/upload/xqft9zoohoy9j8kbglnd.jpg,110,400,0.1,0.75,1
55,64,https://res.cloudinary.com/dvacw0gsi/image/upload/he50np9sfu6xw0rnw65e.jpg,208,594,-0.02597706123153158,0.75,0.9029431210741227
56,64,https://res.cloudinary.com/dvacw0gsi/image/upload/sf4zobunpqspt79hckxh.jpg,275,402,-0.1715054915040265,0.75,0.9345920883659198
57,64,https://res.cloudinary.com/dvacw0gsi/image/upload/spuw991ynvhltjnmb1uv.jpg,203,319,0.5987348093080477,0.75,0.7095444131381435
65,94,https://res.cloudinary.com/dvacw0gsi/image/upload/y69ucvhwy9ragjzgcu0m.jpg,213,386,0.0033832298116067694,1.0112359550561798,4.970802058799332
66,94,https://res.cloudinary.com/dvacw0gsi/image/upload/dzavxywqdeesulb2ycrf.jpg,297,114,0,0.8886618998978549,1
67,94,https://res.cloudinary.com/dvacw0gsi/image/upload/enatuqq04n7ydzlbkcrh.jpg,293,334,0,0.7582938388625592,1
68,94,https://res.cloudinary.com/dvacw0gsi/image/upload/dxsgc3x8olvvsmzveacr.jpg,109,184,0,0.5534883720930233,1
69,94,https://res.cloudinary.com/dvacw0gsi/image/upload/fueyuciu4mcvtp7uncak.jpg,81,702,-0.0035224001771871905,0.821501014198783,0.8342104892237497
70,94,https://res.cloudinary.com/dvacw0gsi/image/upload/muesya2lqg28x5kip5vm.jpg,267,702,-0.006087382799162461,1.327319587628866,1.2523302121219815
71,94,https://res.cloudinary.com/dvacw0gsi/image/upload/odomfv1ajc8nrwububtc.jpg,181,896,-0.015158072366356079,1.5003663003663004,1.6904116579771842
91,119,"https://res.cloudinary.com/dvacw0gsi/image/upload/zop1ibezymrhcpdg8hmx.jpg",304,155,-0.14492276397892656,0.75,0.7274287597838959
92,119,"https://res.cloudinary.com/dvacw0gsi/image/upload/jf8qhfxzbkyjdnm8qhzw.jpg",276,345,-1.7471694395966535,0.75,1.0081771933610082
93,119,"https://res.cloudinary.com/dvacw0gsi/image/upload/ulcty2vhnsbyd8krgz7m.jpg",97,413,0.1,0.75,1
